{
    "status": {
        "code": 200,
        "message": "Success."
    },
    "results": [{
        "symbol": "XLC",
        "name": "S\u0026P 500 Communication Sector SPDR",
        "dayCode": "D",
        "serverTimestamp": "2023-11-14T09:20:23-06:00",
        "mode": "i",
        "lastPrice": 69.92,
        "tradeTimestamp": "2023-11-14T10:05:23-06:00",
        "netChange": 1.6,
        "percentChange": 2.34,
        "unitCode": "2",
        "open": 69.39,
        "high": 69.93,
        "low": 69.31,
        "close": 69.92,
        "numTrades": 10472,
        "dollarVolume": 90635345.8791,
        "flag": "",
        "volume": 1142207,
        "previousVolume": 7809400
    }, {
        "symbol": "XLY",
        "name": "S\u0026P 500 Cons Disc Sector SPDR",
        "dayCode": "D",
        "serverTimestamp": "2023-11-14T09:20:24-06:00",
        "mode": "i",
        "lastPrice": 167.32,
        "tradeTimestamp": "2023-11-14T10:05:23-06:00",
        "netChange": 5.23,
        "percentChange": 3.23,
        "unitCode": "2",
        "open": 166.14,
        "high": 167.36,
        "low": 165.9,
        "close": 167.32,
        "numTrades": 23986,
        "dollarVolume": 369571512.4083,
        "flag": "",
        "volume": 1973759,
        "previousVolume": 4939900
    }, {
        "symbol": "XLP",
        "name": "S\u0026P 500 Cons Staples Sector SPDR",
        "dayCode": "D",
        "serverTimestamp": "2023-11-14T09:20:23-06:00",
        "mode": "i",
        "lastPrice": 69.77,
        "tradeTimestamp": "2023-11-14T10:05:23-06:00",
        "netChange": 0.59,
        "percentChange": 0.85,
        "unitCode": "2",
        "open": 69.53,
        "high": 69.93,
        "low": 69.5,
        "close": 69.77,
        "numTrades": 15330,
        "dollarVolume": 181278805.2908,
        "flag": "",
        "volume": 2325792,
        "previousVolume": 8540800
    }, {
        "symbol": "XLE",
        "name": "S\u0026P 500 Energy Sector SPDR",
        "dayCode": "D",
        "serverTimestamp": "2023-11-14T09:20:24-06:00",
        "mode": "i",
        "lastPrice": 84.32,
        "tradeTimestamp": "2023-11-14T10:05:23-06:00",
        "netChange": 0.31,
        "percentChange": 0.37,
        "unitCode": "2",
        "open": 84.33,
        "high": 84.65,
        "low": 84.19,
        "close": 84.32,
        "numTrades": 32810,
        "dollarVolume": 354209672.3286,
        "flag": "",
        "volume": 3904828,
        "previousVolume": 14223601
    }, {
        "symbol": "XLF",
        "name": "S\u0026P 500 Financials Sector SPDR",
        "dayCode": "D",
        "serverTimestamp": "2023-11-14T09:20:24-06:00",
        "mode": "i",
        "lastPrice": 34.4,
        "tradeTimestamp": "2023-11-14T10:05:22-06:00",
        "netChange": 0.54,
        "percentChange": 1.59,
        "unitCode": "2",
        "open": 34.23,
        "high": 34.44,
        "low": 34.2,
        "close": 34.4,
        "numTrades": 16709,
        "dollarVolume": 301363387.6945,
        "flag": "",
        "volume": 8163494,
        "previousVolume": 28327199
    }, {
        "symbol": "XLV",
        "name": "S\u0026P 500 Healthcare Sector SPDR",
        "dayCode": "D",
        "serverTimestamp": "2023-11-14T09:20:23-06:00",
        "mode": "i",
        "lastPrice": 128.24,
        "tradeTimestamp": "2023-11-14T10:05:23-06:00",
        "netChange": 1.24,
        "percentChange": 0.98,
        "unitCode": "2",
        "open": 127.73,
        "high": 128.41,
        "low": 127.41,
        "close": 128.24,
        "numTrades": 23534,
        "dollarVolume": 343210542.5068,
        "flag": "",
        "volume": 2281594,
        "previousVolume": 11373700
    }, {
        "symbol": "XLI",
        "name": "S\u0026P 500 Industrial Sector SPDR",
        "dayCode": "D",
        "serverTimestamp": "2023-11-14T09:20:23-06:00",
        "mode": "i",
        "lastPrice": 104.42,
        "tradeTimestamp": "2023-11-14T10:05:19-06:00",
        "netChange": 1.78,
        "percentChange": 1.73,
        "unitCode": "2",
        "open": 103.89,
        "high": 104.44,
        "low": 103.89,
        "close": 104.42,
        "numTrades": 23251,
        "dollarVolume": 291261355.4718,
        "flag": "",
        "volume": 2476962,
        "previousVolume": 6598100
    }, {
        "symbol": "XLB",
        "name": "S\u0026P 500 Materials Sector SPDR",
        "dayCode": "D",
        "serverTimestamp": "2023-11-14T09:20:22-06:00",
        "mode": "i",
        "lastPrice": 79.28,
        "tradeTimestamp": "2023-11-14T10:05:22-06:00",
        "netChange": 2.03,
        "percentChange": 2.63,
        "unitCode": "2",
        "open": 78.15,
        "high": 79.34,
        "low": 78.14,
        "close": 79.28,
        "numTrades": 12984,
        "dollarVolume": 113557654.6733,
        "flag": "",
        "volume": 1269898,
        "previousVolume": 4039700
    }, {
        "symbol": "XLRE",
        "name": "S\u0026P 500 Real Estate Sector SPDR",
        "dayCode": "D",
        "serverTimestamp": "2023-11-14T09:20:24-06:00",
        "mode": "i",
        "lastPrice": 35.74,
        "tradeTimestamp": "2023-11-14T10:05:22-06:00",
        "netChange": 1.64,
        "percentChange": 4.81,
        "unitCode": "2",
        "open": 35.28,
        "high": 35.77,
        "low": 35.11,
        "close": 35.74,
        "numTrades": 16301,
        "dollarVolume": 114071483.4033,
        "flag": "",
        "volume": 2954364,
        "previousVolume": 4313900
    }, {
        "symbol": "XLK",
        "name": "S\u0026P 500 Technology Sector SPDR",
        "dayCode": "D",
        "serverTimestamp": "2023-11-14T09:20:23-06:00",
        "mode": "i",
        "lastPrice": 181.77,
        "tradeTimestamp": "2023-11-14T10:05:23-06:00",
        "netChange": 3.3,
        "percentChange": 1.85,
        "unitCode": "2",
        "open": 181.2,
        "high": 181.86,
        "low": 180.64,
        "close": 181.77,
        "numTrades": 27536,
        "dollarVolume": 433990277.1605,
        "flag": "",
        "volume": 2244274,
        "previousVolume": 5862500
    }, {
        "symbol": "XLU",
        "name": "S\u0026P 500 Utilities Sector SPDR",
        "dayCode": "D",
        "serverTimestamp": "2023-11-14T09:20:24-06:00",
        "mode": "i",
        "lastPrice": 61.24,
        "tradeTimestamp": "2023-11-14T10:05:21-06:00",
        "netChange": 1.64,
        "percentChange": 2.75,
        "unitCode": "2",
        "open": 60.94,
        "high": 61.38,
        "low": 60.82,
        "close": 61.24,
        "numTrades": 28309,
        "dollarVolume": 279692069.2654,
        "flag": "",
        "volume": 4108208,
        "previousVolume": 15579801
    }, {
        "symbol": "SPY",
        "name": "S\u0026P 500 SPDR",
        "dayCode": "D",
        "serverTimestamp": "2023-11-14T09:20:23-06:00",
        "mode": "i",
        "lastPrice": 448.34,
        "tradeTimestamp": "2023-11-14T10:05:23-06:00",
        "netChange": 8.15,
        "percentChange": 1.85,
        "unitCode": "2",
        "open": 446.32,
        "high": 448.53,
        "low": 446.09,
        "close": 448.34,
        "numTrades": 141995,
        "dollarVolume": 8599468673.6309,
        "flag": "",
        "volume": 19366152,
        "previousVolume": 52236000
    }]
}